Job ID,Job Title,Location
42801,מנתח/ת מערכות DATA,אזור השרון
42797,מפתח/ת BI,ירושלים והסביבה
42794,ראש/ת צוות תמיכה,אזור השפלה
42792,מטמיע/ת מערכות מידע,אזור השפלה
42790,בודק/ת תוכנה CRM,אזור המרכז
42789,לנס (NESS) דרוש/ה תומך/ת אפליקטיבי/ת.,ירושלים והסביבה
42788,מפתח/ת DevOps,אזור המרכז
42786,Data Annotator,ירושלים והסביבה
42785,מיישמ/ת SAP BW,אזור המרכז
42783,מפתח/ת הדרכה,אזור המרכז
42782,מטמיע/ת GRC,אזור המרכז
42779,איש/אשת תשתיות מחשוב,אזור השרון
42778,מזכיר/ת חטיבה,אזור השרון
42774,רכז/ת סקטור רופאים,אזור השרון
42773,בעל/ת ניסיון בתמיכה טכנית ורוצה להתקדם לתפקיד NOC? זו המשרה,אזור השרון
42772,סגן/ית מנהל תשתיות,ירושלים והסביבה
42771,עורכ/ת דין מסחרי/ת,אזור השרון
42770,בוגר/ת הנדסאי/ת אלקטרוניקה? מיקומך איתנו!,אזור המרכז
42769,תומכ/ת מחשוב ואפליקציות,אזור השרון
42768,מנהל/ת פרויקטים בכיר/ה,אזור המרכז
42767,מפתח/ת תוכנה,אזור המרכז
42765,"ר""צ הדרכת SAP",אזור המרכז
42764,מדריכ/ת מערכות מידע,אזור המרכז
42763,מדריכ/ת SAP,אזור המרכז
42758,מנתח/ת מערכות CRM Dynamics,אזור המרכז
42757,מנהל/ת פרויקטים אבטחת מידע וסייבר,אזור המרכז
42755,בודק/ת תוכנה ומפתח/ת אוטומציה,אזור המרכז
42754,טכנאי/ת PC,אזור המרכז
42753,טכנאי/ת PC,אזור השפלה
42750,מיישמ/ת הרשאות SAP,ירושלים והסביבה
42749,מיישמ/ת SAP PM,ירושלים והסביבה
42748,מפתח/ת UI5,ירושלים והסביבה
42746,טכנאי/ת PC,אזור המרכז
42744,מפתח/ת BI,אזור השפלה
42743,Data Scientist,אזור השפלה
42741,טכנאי/ת רשתות,אזור השרון
42739,הנדסאי מעבדת אלקטרוניקה ובדיקות,ירושלים והסביבה
42738,טכנאי/ת PC שטח,אזור הצפון
42737,Applied AI Solutions Lead,אזור המרכז
42736,Customer success,אזור המרכז
42735,מדריכ/ת ומפתח/ת הדרכה,ירושלים והסביבה
42734,תומכ/ת Help Desk,ירושלים והסביבה
42728,טכנאי/ת מערכות מחשוב,אזור השרון
42727,תומכ/ת טכנית (Help Desk),ירושלים והסביבה
42724,Media Planner,
42723,תומך/תומכת IT,אזור הצפון
42721,בודק/ת תוכנה SF,אזור המרכז
42720,טכנאי/ת מחשבים,ירושלים והסביבה
42715,איש/ אשת תקשורת ואבטחת מידע,אזור השפלה
42711,הנדסאי/ת ולידציה,חיפה והקריות
42706,איש/אשת תמיכה,אזור השפלה
42703,טכנאי/ת IT,אזור המרכז
42702,איש/אשת תמיכה,אזור השפלה
42701,איש/ אשת סיסטם,אזור המרכז
42698,ראש צוות יישום SAP HR,אזור המרכז
42694,ראש/ת צוות אבטחת מידע ותקשורת,אזור המרכז
42693,נציג/ת תפעול,דרום
42691,מטמיע/ת מערכות רפואיות,אזור המרכז
42689,מהנדס/ת ולידציה,אזור המרכז
42687,איש/ אשת תמיכה,אזור השפלה
42686,מיישם/ת מערכות קליניות,אזור המרכז
42684,מפתח/ת Net. בכיר/ה,אזור השרון
42680,מטמיע/ת מערכות מידע,אזור המרכז
42678,מנהל/ת פרויקטים ומנתח/ת מערכות CRM,אזור המרכז
42674,מיישמ/ת SAP SuccessFactors,אזור השרון
42672,מנתח/ת מערכות,אזור המרכז
42671,מפתח/ת מערכות בדיקה,אזור המרכז
42668,תומכ/ת פנים ארגוני/ת,אזור השפלה
42666,מנהל/ת פרויקט SAP,אזור המרכז
42663,מטמיע/ת מערכת SAP,אזור הצפון
42660,אנליסט/ית פרסום,אזור המרכז
42658,תומכ/ת טכנית,ירושלים והסביבה
42654,מיישמ/ת SAP MM,אזור המרכז
42646,אנשי HD למוקד טכנולוגי בשדרות,דרום
42642,תומכ/ת HELP DESK,ירושלים והסביבה
42641,הזדמנות כניסה לעולמות המחשוב כתומכ/ת Help Desk!,אזור השפלה
42637,מנהל/ת גבייה,אזור השרון
42634,תומכ/ת פנים ארגוני/ת,אזור המרכז
42632,איש/ אשת תשתיות,אזור השפלה
42622,תומכ/ת אפליקטיבי/ת,אזור המרכז
42620,מפתח/ת Full Stack,דרום
42618,Data Analyst,אזור השרון
42616,מוביל/ת חדשנות SAP,אזור המרכז
42611,תומכ/ת Help Desk,אזור המרכז
42598,טכנאי/ת PC,אזור המרכז
42596,בודק/ת Salesforce בכיר/ה,אזור הצפון
42592,מנהל/ת מערכת QF,אזור המרכז
42590,איש/ אשת תשתיות,אזור המרכז
42587,בודק/ת WEB,אזור המרכז
42586,תומכ/ת טלפוני/ת מנוסה,אזור המרכז
42582,בקר/ית SOC,אזור המרכז
42576,בוגר/ת קורס בתחום המחשוב? זאת ההזדמנות שלך!,אזור השפלה
42573,איש/ אשת סיסטם,אזור המרכז
42572,טכנאי/ת תקשורת ואבטחת מידע,אזור המרכז
42566,טכנאי/ת תקשורת ושרתים לצוות Onsite בקרית גת,דרום
42554,איש/ אשת תמיכה,אזור השפלה
42553,תוכניתנ/ית SAC,אזור השפלה
42551,בודק/ת תוכנה,אזור השפלה
42537,מפתח/ת Full Stack,אזור השרון
42528,מיישמ/ת SAP FI,אזור המרכז
42517,מהנדס/ת RT מנוסה,אזור השפלה
42510,אחראי/ת אינוונטר,אזור השרון
42509,תומכ/ת API,ירושלים והסביבה
42506,איש/ אשת NOC,אזור השפלה
42505,מומחה/ית מערכות Comax,אזור השפלה
42494,בודק\ת תוכנה,אזור השרון
42492,בודק/ת תוכנה CRM,אזור המרכז
42482,מלחימ/ה,חיפה והקריות
42480,מטמיע/ת מערכות נכוחות,אזור המרכז
42471,הנדסאי/ת ולידציה,חיפה והקריות
42463,חשב/ת כספים - NESS - חיפה,אזור הצפון
42462,מיישמ/ת אבטחת מידע,אזור המרכז
42452,איש/אשת מכירות ענן בכיר/ה,אזור המרכז
42450,מנהל/ת מתודולוגיה ופרויקטים בעולם המודיעין,אזור השרון
42448,מיישמ/ת SAP BASIS,אזור השרון
42438,טכנאי/ת PC,אזור השרון
42437,מוביל/ה טכנולוגי/ת (CTO),אזור השרון
42419,מנתח/ת מערכות,אזור השפלה
42401,בודק/ת סייבר הגנתי,אזור המרכז
42398,איש/אשת תמיכה,אזור השרון
42392,תומכ/ת אינטרנט,אזור השפלה
42389,טכנאי/ת PC,אזור השפלה
42385,מהנדס/ת אימות תכן,אזור השפלה
42374,מפתח/ת בכיר/ה,אזור השרון
42372,בודק/ת תוכנה SAP,אזור המרכז
42368,טכנאי/ת PC,אזור המרכז
42357,טכנאי/ת PC,אזור השרון
42356,איש/אשת NOC למשרד ממשלתי בירושלים,ירושלים והסביבה
42352,מפעיל/ה מעבדה Q&R,חיפה והקריות
42344,Hardware Engineer,אזור המרכז
42335,בודק/ת MOBILE,אזור המרכז
42322,מפתח/ת אוטמציה למערכות GIS,אזור השרון
42319,Verification Engineer,אזור הצפון
42313,מדריכ/ת SAP,אזור המרכז
42303,טכנאי/ת PC,אזור המרכז
42302,אנליסט/ית OSINT,אזור השרון
42296,איש/ אשת לוגיסטיקה,אזור המרכז
42285,מפתח/ת Full Stack,אזור המרכז
42280,מנתח/ת מערכות SAP,אזור המרכז
42260,Data Engineer,אזור השרון
42256,מנתח/ת מערכות DATA,אזור השרון
42251,המתמחה בעולמות התקשורת CTO,אזור השרון
42236,יועצ/ת אבטחת מידע,אזור השפלה
42225,איש/ת מכירות,אזור הצפון
42209,מנתח/ת מערכות מידע למשרד ממשלתי בירושלים והיברידי,ירושלים והסביבה
42204,טכנאי/ת מחשבים למשרד ממשלתי בירושלים,ירושלים והסביבה
42193,תומכ/ת טכנית,אזור המרכז
42171,מדריכ/ת SAP מנוסה,אזור המרכז
42170,מפתח/ת Full Stack בכיר/ה,אזור המרכז
42169,FinOps Engineer,אזור המרכז
42159,מנהל/ת תחום תקשורת,אזור השפלה
42149,טכנאי/ת מעבדה,אזור המרכז
42148,מהנדס/ת מעבדת סלולר,אזור המרכז
42147,אחראי/ת בדיקות מערכת,אזור המרכז
42140,מפתח/ת אוטומציה בתחום התקשורת והתשתיות,אזור המרכז
42131,מיישמ/ת הרשאות SAP,אזור השפלה
42125,תומכ/ת Help Desk,אזור המרכז
42116,דובר/ת ערבית/ פרסית - ידע אקדמי במזרח התיכון,אזור המרכז
42115,Test Lab Shift Supervisor,אזור הצפון
42090,מנתח/ת מערכות,דרום
42062,DevOps איש/אשת,ירושלים והסביבה
42018,תומכ/ת NOC,אזור המרכז
42017,טכנאי/ת חדרי תקשורת,אזור השרון
42002,מיישמ/ת SAP CRM,אזור השפלה
41994,מפתח אוטמציה מערכתיות,אזור השרון
41993,"דרוש/ה Linux and Microsoft System Administrator למשרה מלאה בעזריאלי בת""א",אזור המרכז
41990,מטמיע/ת מערכות נכוחות,אזור המרכז
41926,טכנאי/ת PC,אזור המרכז
41915,Technical Support Engineer,אזור המרכז
41880,יוצאי/ות יחידות מודיעין,אזור השרון
41862,Customer care,אזור המרכז
41818,מפתח/ת Full stack בכיר/ה,ירושלים והסביבה
41808,נציג/ת שירות למוקד מידע פיננסי,אזור השפלה
41804,טכנאי/ת מערכות מחשוב,אזור השרון
41765,מוביל/ה טכנולוגי/ת,אזור המרכז
41720,תומכ/ת מערכות מודיעין,אזור השרון
41529,בודק/ת תוכנה ג'וניור,אזור המרכז
41396,טכנאי/ת מערכות מחשוב,אזור השרון
41327,בודק/ת חומרה,אזור הצפון
41326,דובר/ת ערבית,אזור השרון
41324,טכנאי/ת IT,ירושלים והסביבה
41251,דובר/ת פרסית,אזור השרון
41242,Senior Backend Developer,אזור השרון
41076,מפתח/ת הדרכה,אזור המרכז
41065,מפתח/ת אוטומציה בסייבר,אזור המרכז
41064,מפתח/ת אוטומציה ב Cloud,אזור המרכז
41063,Python Automation Developer,אזור המרכז
41059,בודק/ת תוכנה ידני/ת בתחום התקשורת,אזור המרכז
41042,מפתח/ת ABAP,חיפה והקריות
40989,מיישמ/ת SAP PM,חיפה והקריות
37632,אופרטור מעבדת טסט,אזור הצפון
36521,רוצה להשתלב בצוות טכנולוגי בסביבה מבצעית? אנחנו מחפשים אותך!,אזור השרון
30456,בודק/ת אוטומציה ובדיקות ידניות,חיפה והקריות
30419,בודק/ת מערכות מורכבות מנוסה,חיפה והקריות
